Inf_Model,SIM_ID,MAE,P50,P90,P99
Graph Mode,112267,0.207658559,0.169736385,0.395940959,0.684896767
Graph Mode,112268,0.178262249,0.144999236,0.340445578,0.525408089
Graph Mode,112269,0.167513415,0.12491294,0.359095663,0.62379247
Graph Mode,112270,0.159674406,0.107803047,0.35033232,0.587204695
Graph Mode,112271,0.145177126,0.100765601,0.332948923,0.473507524
Graph Mode,112272,0.159073412,0.117218047,0.342799723,0.516192675
Graph Mode,112273,0.16508387,0.119128793,0.360327482,0.598012984
Graph Mode,112274,0.157825977,0.116216928,0.328032672,0.517126977
Graph Mode,112275,0.19166863,0.147684768,0.377056897,0.603691041
Graph Mode,112276,0.18786779,0.167376727,0.312859088,0.540823519
Graph Mode,112277,0.19989422,0.178468704,0.336719334,0.484852642
Graph Mode,112278,0.207778379,0.170335531,0.421841323,0.669385135
Graph Mode,112279,0.182447582,0.148865491,0.35475415,0.585530818
Graph Mode,112280,0.167216599,0.124096848,0.340700448,0.518241525
Graph Mode,112281,0.141807228,0.104281425,0.298427612,0.492595553
Graph Mode,112282,0.142184258,0.103378519,0.311729789,0.50360769
Graph Mode,112283,0.157431602,0.125104964,0.310581982,0.522431493
Graph Mode,112284,0.15652293,0.113698855,0.317630708,0.578731358
Graph Mode,112285,0.183837265,0.13609384,0.397315115,0.599890053
Graph Mode,112286,0.173306748,0.13884981,0.336498559,0.599413097
Graph Mode,112287,0.200725004,0.168394268,0.364094436,0.635510325
Graph Mode,112289,0.197406709,0.161428392,0.376700461,0.718734503
Graph Mode,112290,0.171445087,0.137082845,0.335926026,0.563412488
Graph Mode,112291,0.164828464,0.123932496,0.352830768,0.540070057
Graph Mode,112292,0.155240983,0.118060112,0.338913381,0.5096609
Graph Mode,112293,0.14731434,0.102301233,0.334268183,0.538837194
Graph Mode,112294,0.172420859,0.1240853,0.37755096,0.632281125
Graph Mode,112295,0.175278008,0.131096154,0.364840657,0.602935374
Graph Mode,112296,0.175700963,0.137795597,0.340288132,0.555936873
Graph Mode,112297,0.177051991,0.15679431,0.310230881,0.489130199
Graph Mode,112298,0.193655267,0.164628103,0.34692049,0.553007424
Graph Mode,112299,0.157866642,0.123100758,0.329576492,0.468981802
Graph Mode,112300,0.19333154,0.155351177,0.370421886,0.547024608
Graph Mode,112301,0.168314427,0.12637955,0.34734726,0.561535478
Graph Mode,112302,0.152942389,0.106349185,0.327100217,0.536793351
Graph Mode,112303,0.148608059,0.113343701,0.30435276,0.539413095
Graph Mode,112304,0.143437102,0.107569844,0.317808211,0.506451964
Graph Mode,112305,0.165151522,0.12448211,0.357725263,0.531002581
Graph Mode,112306,0.182610318,0.146516383,0.347711504,0.63570714
Graph Mode,112307,0.165338919,0.138401061,0.312142462,0.490021378
Graph Mode,112308,0.180778861,0.159375817,0.315750897,0.488076985
Graph Mode,112309,0.185754582,0.167735398,0.316693187,0.463006705
Graph Mode,112310,0.149771124,0.110197216,0.323665977,0.487950832
Graph Mode,112311,0.187999517,0.151246503,0.363404274,0.557985365
Graph Mode,112312,0.170186177,0.134200245,0.365767121,0.542421639
Graph Mode,112313,0.165683165,0.11571376,0.349819809,0.605038583
Graph Mode,112314,0.147819176,0.101953164,0.342837811,0.530913115
Graph Mode,112315,0.149537981,0.11282485,0.333288074,0.502863288
Graph Mode,112316,0.143101245,0.11932078,0.29360646,0.429409474
Graph Mode,112317,0.172222584,0.140251413,0.325495899,0.575709224
Graph Mode,112318,0.169605285,0.144254103,0.31999439,0.513432443
Graph Mode,112319,0.192265213,0.171529919,0.331413805,0.522650898
Graph Mode,112320,0.164107859,0.137837529,0.330723286,0.509553432
Graph Mode,112321,0.146094471,0.106817171,0.325095356,0.488704294
Graph Mode,112322,0.192727342,0.152230427,0.399601817,0.578011155
Graph Mode,112323,0.17496407,0.131720185,0.371347964,0.597893655
Graph Mode,112324,0.166623995,0.13006562,0.34951055,0.544722617
Graph Mode,112325,0.153373346,0.105689161,0.3480075,0.574872255
Graph Mode,112326,0.146487832,0.124096185,0.286822706,0.436365843
Graph Mode,112327,0.161258176,0.114119239,0.347173333,0.614947021
Graph Mode,112328,0.176379651,0.141585618,0.345161587,0.617627203
Graph Mode,112329,0.176754951,0.159188405,0.310019493,0.492794722
Graph Mode,112330,0.177184179,0.156846702,0.328990281,0.5107916
Graph Mode,112331,0.14612931,0.118772939,0.296905577,0.441834033
Graph Mode,112332,0.162889659,0.124612056,0.337800443,0.506600797
Graph Mode,112333,0.180545688,0.144357413,0.356287837,0.573128283
Graph Mode,112334,0.162396103,0.126741648,0.329348385,0.529680669
Graph Mode,112335,0.167835936,0.121881366,0.37055248,0.603881419
Graph Mode,112336,0.152435839,0.119025588,0.3267048,0.459038854
Graph Mode,112337,0.153426453,0.114419855,0.328400522,0.597458184
Graph Mode,112338,0.157690808,0.118446127,0.333036244,0.605607867
Graph Mode,112339,0.171098277,0.147362649,0.344165027,0.511117816
Graph Mode,112340,0.193016455,0.162046626,0.364413083,0.694651961
Graph Mode,112341,0.166691512,0.143419504,0.311616451,0.524818361
Graph Mode,112342,0.154170409,0.124969646,0.310925931,0.452201128
Graph Mode,112343,0.174365908,0.131123543,0.362071872,0.588526964
Graph Mode,112344,0.187865227,0.141916916,0.385411263,0.673696518
Graph Mode,112345,0.163382977,0.132846713,0.328543544,0.475067198
Graph Mode,112346,0.157044455,0.124312535,0.323539078,0.57096833
Graph Mode,112347,0.154252812,0.11574468,0.335648894,0.525739849
Graph Mode,112348,0.132424414,0.1078756,0.268318892,0.431116074
Graph Mode,112349,0.152038813,0.122857742,0.31369406,0.569389343
Graph Mode,112350,0.184866682,0.154627383,0.352812022,0.584887326
Graph Mode,112351,0.1866377,0.158374831,0.365513176,0.566053987
Graph Mode,112352,0.17772004,0.13966231,0.362480462,0.619221449
Graph Mode,112353,0.149103612,0.12175905,0.27526778,0.456730634
Graph Mode,112354,0.159050733,0.130844682,0.298937649,0.497186869
Graph Mode,112355,0.177601993,0.142741054,0.359660387,0.547838628
Graph Mode,112356,0.166183904,0.121281654,0.380120456,0.609703362
Graph Mode,112357,0.160872847,0.133489802,0.332829177,0.50897646
Graph Mode,112358,0.140509143,0.115419939,0.296084434,0.46465975
Graph Mode,112359,0.139502704,0.108427525,0.28375411,0.572174668
Graph Mode,112360,0.146343574,0.122127265,0.289289176,0.475731045
Graph Mode,112361,0.176255405,0.158248484,0.324890763,0.532353818
Graph Mode,112362,0.164392799,0.146515518,0.304072261,0.520652711
Graph Mode,112363,0.142690539,0.116430745,0.281042635,0.438704848
Graph Mode,112364,0.150640666,0.116436109,0.290542305,0.443788022
Graph Mode,112365,0.166583061,0.142528355,0.301770985,0.481432199
Graph Mode,112366,0.210002899,0.178022802,0.372714043,0.654614568
Graph Mode,112367,0.187416077,0.145566434,0.366592824,0.608802974
Graph Mode,112368,0.172062933,0.128219903,0.346046865,0.623649955
Graph Mode,112369,0.155160353,0.11040321,0.330875456,0.493228853
Graph Mode,112370,0.135546431,0.094221324,0.293028474,0.422032326
Graph Mode,112371,0.150664821,0.111795239,0.311684012,0.464057386
Graph Mode,112372,0.161624074,0.114498183,0.333807051,0.575553656
Graph Mode,112373,0.146815062,0.110608667,0.313331246,0.465257555
Graph Mode,112374,0.154724196,0.122234628,0.307780862,0.507235885
Graph Mode,112375,0.188200772,0.157700658,0.329328656,0.559576392
Graph Mode,112376,0.192605734,0.16161111,0.348951817,0.541667104
Graph Mode,112377,0.200357452,0.164886907,0.37179023,0.577291131
Graph Mode,112378,0.168842763,0.131591618,0.326613396,0.583025932
Graph Mode,112379,0.168875262,0.121567145,0.343565077,0.655694485
Graph Mode,112380,0.160803497,0.106243566,0.355613559,0.633262873
Graph Mode,112381,0.12754488,0.09653832,0.268215775,0.398899108
Graph Mode,112382,0.164418131,0.117913082,0.360430777,0.56388098
Graph Mode,112383,0.143984407,0.114442654,0.287072301,0.448496521
Graph Mode,112385,0.16136083,0.126090094,0.319484591,0.486885905
Graph Mode,112386,0.189524829,0.162670672,0.338935345,0.589136362
Graph Mode,112387,0.188039362,0.16800338,0.341256618,0.504414797
Graph Mode,112388,0.199274987,0.163952053,0.390091181,0.593055129
Graph Mode,112389,0.170745283,0.133598804,0.347149074,0.463751554
Graph Mode,112390,0.170753583,0.126301736,0.335490167,0.650998712
Graph Mode,112391,0.153276473,0.105572701,0.348611385,0.491505176
Graph Mode,112392,0.143704355,0.099774599,0.315693945,0.491676271
Graph Mode,112393,0.154962271,0.117704354,0.312225282,0.54901135
Graph Mode,112394,0.161021084,0.111876383,0.355335712,0.531220257
Graph Mode,112395,0.165874034,0.126923174,0.322283983,0.591076374
Graph Mode,112396,0.161148906,0.134114325,0.299337626,0.488430351
Graph Mode,112397,0.193693846,0.163298324,0.339191794,0.614203751
Graph Mode,112398,0.162762791,0.136829734,0.310671747,0.448092133
Graph Mode,112399,0.203100264,0.16035594,0.40885514,0.568663061
Graph Mode,112400,0.162186414,0.133950785,0.3246032,0.485255092
Graph Mode,112401,0.162295759,0.11807777,0.361344486,0.546291351
Graph Mode,112402,0.156949073,0.111140788,0.321652621,0.59302783
Graph Mode,112403,0.147508189,0.111685455,0.298710287,0.502977133
Graph Mode,112404,0.14767158,0.108909622,0.323903799,0.470817924
Graph Mode,112405,0.166227788,0.129065752,0.329392672,0.563652217
Graph Mode,112406,0.159477174,0.12421675,0.332453907,0.527273893
Graph Mode,112407,0.180975467,0.151735365,0.333323479,0.528226197
Graph Mode,112408,0.195241347,0.165284008,0.368760645,0.5373227
Graph Mode,112409,0.15992555,0.114551336,0.339931548,0.53259933
Graph Mode,112410,0.188505694,0.151059717,0.35885486,0.553155601
Graph Mode,112411,0.170774639,0.130911708,0.357504249,0.548616707
Graph Mode,112412,0.166801572,0.118479393,0.349306762,0.627162933
Graph Mode,112413,0.158036903,0.111919731,0.337226868,0.548508883
Graph Mode,112414,0.161403358,0.118697479,0.347536683,0.52530849
Graph Mode,112415,0.146341279,0.11782369,0.288833499,0.536910832
Graph Mode,112416,0.167078331,0.143058032,0.31350258,0.532224834
Graph Mode,112417,0.170626462,0.143851101,0.308973968,0.606786966
Graph Mode,112418,0.184055924,0.162585348,0.324559391,0.530783594
Graph Mode,112419,0.173647329,0.152561352,0.3091501,0.491814405
Graph Mode,112420,0.159224242,0.119293615,0.33828187,0.506359816
Graph Mode,112421,0.190655082,0.14534983,0.386203766,0.622319758
Graph Mode,112422,0.177250221,0.12798804,0.381539285,0.590236723
Graph Mode,112423,0.165469229,0.127796292,0.338475227,0.550684214
Graph Mode,112424,0.154463619,0.112728149,0.339113444,0.563184619
Graph Mode,112425,0.153588235,0.12130817,0.319241732,0.502645433
Graph Mode,112426,0.14587155,0.111423798,0.290136993,0.61125946
Graph Mode,112427,0.16698122,0.144542128,0.298286021,0.544537544
Graph Mode,112428,0.178821564,0.153961256,0.329962671,0.51755774
Graph Mode,112429,0.183271646,0.170262992,0.301564753,0.519197106
Graph Mode,112430,0.168040588,0.140559644,0.329094887,0.535175622
Graph Mode,112431,0.162077919,0.125037372,0.321662903,0.50670588
Graph Mode,112432,0.186317936,0.152727678,0.373914301,0.574264228
Graph Mode,112433,0.169004351,0.12888974,0.333403111,0.524617791
Graph Mode,112434,0.177511096,0.129582286,0.394016117,0.607073426
Graph Mode,112435,0.149504244,0.111294836,0.324672163,0.466345251
Graph Mode,112436,0.14966917,0.119109713,0.30438602,0.494352788
Graph Mode,112437,0.149363011,0.117827952,0.294855952,0.539399922
Graph Mode,112438,0.154578149,0.131542787,0.262019664,0.506106794
Graph Mode,112439,0.179386258,0.161539212,0.31453824,0.502617419
Graph Mode,112440,0.169275731,0.149858505,0.302657783,0.54880631
Graph Mode,112441,0.15551573,0.131421447,0.279986441,0.470034868
Graph Mode,112442,0.168045223,0.131029323,0.3371948,0.490271509
Graph Mode,112443,0.178078428,0.143377542,0.3465707,0.550836623
Graph Mode,112444,0.174483865,0.134541184,0.343680739,0.601193309
Graph Mode,112445,0.173488975,0.126081258,0.372408688,0.634640634
Graph Mode,112446,0.151514098,0.116719991,0.315361559,0.561323285
Graph Mode,112447,0.152337015,0.121157408,0.325508475,0.536456585
Graph Mode,112448,0.165715724,0.125901222,0.342202008,0.60685575
Graph Mode,112449,0.182464853,0.149596632,0.369899869,0.551059544
Graph Mode,112450,0.17849575,0.15979746,0.326907694,0.53226167
Graph Mode,112451,0.177716985,0.152809128,0.331466317,0.547533214
Graph Mode,112452,0.157602429,0.133901447,0.300444782,0.430113852
Graph Mode,112453,0.173440486,0.143916637,0.338545382,0.513968408
Graph Mode,112454,0.185162976,0.142100453,0.375608265,0.553069532
Graph Mode,112455,0.188392252,0.136231616,0.378653109,0.672271788
Graph Mode,112456,0.157884091,0.122508466,0.335851312,0.571305811
Graph Mode,112457,0.146971434,0.119158715,0.285424083,0.49269715
Graph Mode,112458,0.146822453,0.115057454,0.314766347,0.482570171
Graph Mode,112459,0.164969027,0.135593355,0.314827234,0.596151173
Graph Mode,112460,0.164315045,0.140345186,0.28929472,0.53352344
Graph Mode,112461,0.176466674,0.149604335,0.334087729,0.541338086
Graph Mode,112462,0.173062652,0.134908587,0.350816846,0.599075198
Graph Mode,112463,0.165861249,0.130260557,0.321827888,0.519452512
Graph Mode,112464,0.176264077,0.153520048,0.311430484,0.487169802
Graph Mode,112465,0.196509659,0.161813021,0.369163275,0.592211485
Graph Mode,112466,0.180333897,0.14333564,0.361449808,0.540198863
Graph Mode,112467,0.157605156,0.120969713,0.31697464,0.517890871
Graph Mode,112468,0.16192767,0.111575291,0.347352177,0.540289044
